<?xml version="1.0" encoding="UTF-8"?>
<project default="generate" name="org.rm2pt.acceleo.catbreed">
    <property name="ECLIPSE_HOME" value="../../../../../../../RM2PT-win32.win32.x86_64"/>
    <property name="ECLIPSE_WORKSPACE" value="../.."/>

    <!-- The classpath with only the dependencies used by the project -->
    <path id="org.rm2pt.acceleo.catbreed.libraryclasspath">
        <pathelement location="${ECLIPSE_WORKSPACE}/org.rm2pt.acceleo.catbreed/bin"/>
        <pathelement location="${ECLIPSE_HOME}/plugins/org.eclipse.justj.openjdk.hotspot.jre.full.win32.x86_64_11.0.13.v20211116-1829/jre/lib/jrt-fs.jar"/>
        <pathelement location="${ECLIPSE_HOME}/plugins/org.eclipse.core.runtime_3.23.0.v20210730-2035.jar"/>
        <pathelement location="${ECLIPSE_HOME}/plugins/org.eclipse.osgi_3.17.0.v20210823-1805.jar"/>
        <pathelement location="${ECLIPSE_HOME}/plugins/org.eclipse.osgi.compatibility.state_1.2.500.v20210730-0750.jar"/>
        <pathelement location="${ECLIPSE_HOME}/plugins/org.eclipse.equinox.common_3.15.0.v20210518-0604.jar"/>
        <pathelement location="${ECLIPSE_HOME}/plugins/org.eclipse.core.jobs_3.12.0.v20210723-1034.jar"/>
        <pathelement location="${ECLIPSE_HOME}/plugins/org.eclipse.equinox.registry_3.11.0.v20210723-1953.jar"/>
        <pathelement location="${ECLIPSE_HOME}/plugins/org.eclipse.equinox.preferences_3.9.0.v20210726-0943.jar"/>
        <pathelement location="${ECLIPSE_HOME}/plugins/org.eclipse.core.contenttype_3.8.0.v20210621-0954.jar"/>
        <pathelement location="${ECLIPSE_HOME}/plugins/org.eclipse.equinox.app_1.6.0.v20210723-1130.jar"/>
        <pathelement location="${ECLIPSE_HOME}/plugins/org.eclipse.uml2.uml_5.5.0.v20210228-1829.jar"/>
        <pathelement location="${ECLIPSE_HOME}/plugins/org.eclipse.emf.ecore_2.25.0.v20210816-0937.jar"/>
        <pathelement location="${ECLIPSE_HOME}/plugins/org.eclipse.emf.common_2.23.0.v20210618-0700.jar"/>
        <pathelement location="${ECLIPSE_HOME}/plugins/org.eclipse.emf.ecore.xmi_2.16.0.v20190528-0725.jar"/>
        <pathelement location="${ECLIPSE_HOME}/plugins/org.eclipse.uml2.common_2.5.0.v20210228-1829.jar"/>
        <pathelement location="${ECLIPSE_HOME}/plugins/org.eclipse.uml2.types_2.5.0.v20210228-1829.jar"/>
        <pathelement location="${ECLIPSE_HOME}/plugins/org.eclipse.emf.mapping.ecore2xml_2.11.0.v20180706-1146.jar"/>
        <pathelement location="${ECLIPSE_HOME}/plugins/org.eclipse.uml2.uml.resources_5.5.0.v20210228-1829.jar"/>
        <pathelement location="${ECLIPSE_HOME}/plugins/org.eclipse.uml2.uml.profile.standard_1.5.0.v20210228-1829.jar"/>
        <pathelement location="${ECLIPSE_HOME}/plugins/org.eclipse.ocl_3.16.200.v20210907-2013.jar"/>
        <pathelement location="${ECLIPSE_HOME}/plugins/lpg.runtime.java_2.0.17.v201004271640.jar"/>
        <pathelement location="${ECLIPSE_HOME}/plugins/org.eclipse.ocl.common_1.16.0.v20210907-2013.jar"/>
        <pathelement location="${ECLIPSE_HOME}/plugins/org.eclipse.ocl.ecore_3.16.200.v20210907-2013.jar"/>
        <pathelement location="${ECLIPSE_HOME}/plugins/org.eclipse.acceleo.common_3.7.9.201911060712.jar"/>
        <pathelement location="${ECLIPSE_HOME}/plugins/org.eclipse.acceleo.model_3.7.9.201911060712.jar"/>
        <pathelement location="${ECLIPSE_HOME}/plugins/org.eclipse.acceleo.profiler_3.7.9.201911060712.jar"/>
        <pathelement location="${ECLIPSE_HOME}/plugins/org.eclipse.acceleo.engine_3.7.9.201911060712.jar"/>
        <pathelement location="${ECLIPSE_HOME}/plugins/org.eclipse.emf.codegen.ecore_2.27.0.v20210816-1137.jar"/>
        <pathelement location="${ECLIPSE_HOME}/plugins/org.eclipse.emf.codegen_2.22.0.v20210420-0623.jar"/>
        <pathelement location="${ECLIPSE_HOME}/plugins/com.google.guava_30.1.0.v20210127-2300.jar"/>
    </path>

    <path id="org.rm2pt.acceleo.catbreed.classpath">
        <path refid="org.rm2pt.acceleo.catbreed.libraryclasspath"/>
    </path>

    <!-- The classpath with only the jars available in the plugin folder of Eclipse -->
    <path id="org.rm2pt.acceleo.catbreed.libraryclasspath.alljars">
        <pathelement location="../org.rm2pt.acceleo.catbreed/bin"/>
        <fileset dir="${ECLIPSE_HOME}/plugins/" includes="*.jar"/>
    </path>

    <path id="org.rm2pt.acceleo.catbreed.classpath.alljars">
        <path refid="org.rm2pt.acceleo.catbreed.libraryclasspath.alljars"/>
    </path>

    <!-- The default task with the jars used by this project -->
    <target name="generate">
        <java classname="org.rm2pt.acceleo.catbreed.main.Generate" classpathref="org.rm2pt.acceleo.catbreed.classpath">
            <arg value="${model}"/>
            <arg value="${target}"/>
        </java>
    </target>

    <!--
        In case of problem you can also try with all the jar available in your Eclipse
        Keep in mind that having two versions of the same jar can create problems
    -->
    <target name="generate.alljars">
        <java classname="org.rm2pt.acceleo.catbreed.main.Generate" classpathref="org.rm2pt.acceleo.catbreed.classpath">
            <arg value="${model}"/>
            <arg value="${target}"/>
        </java>
    </target>
</project>
